No,Titik,h(n)
1,EA,0.016124
2,DA,0.006403
3,BA,0.012041
4,FA,0.013601
5,CA,0.015264
6,A,0
